asn,cc,name,cone,signing_opportunity_log10
6939,US,Hurricane Electric LLC,80174,21.67
3356,US,Lumen (Level 3),73936,21.52
1299,SE,Arelion (fka. Telia Carrier),71317,21.38
174,US,"Cogent Communications, LLC",73729,21.33
3257,US,GTT Communications Inc.,68984,21.3
6461,US,Zayo Bandwidth,72157,21.24
4637,HK,Telstra International Limited,67289,21.2
2914,US,"NTT America, Inc.",68901,21.19
6762,IT,Telecom Italia Sparkle (Seabone),66265,21.17
6453,US,TATA Communications (America) Inc,67661,21.13
3491,HK,PCCW Global (HK) Ltd.,67287,21.08
5511,FR,Orange S.A.,61919,21.08
6830,NL,Liberty Global Europe Holding B.V.,62226,21.0
12956,ES,Telxius (Telefonica Global),62352,20.99
1273,EU,Vodafone Group PLC,53887,20.94
3320,DE,Deutsche Telekom AG,67133,20.93
4134,CN,China Telecom Backbone,51855,20.87
9002,GB,RETN Limited,46998,20.77
701,US,Verizon Business,68285,20.43
4837,CN,China Unicom Backbone,46767,20.17
7713,ID,PT Telkom Indonesia Tbk,3292,20.02
4809,CN,China Telecom Next Generation Carrier Network,65543,19.61
7922,US,"Comcast Cable Communications, LLC",27506,19.46
20485,RU,TransTeleCom JSC,34809,19.36
34927,CH,iFog GmbH,33526,19.32
33891,DE,Core-Backbone GmbH,32143,19.11
3216,RU,Vimpelcom PJSC,25830,18.89
7018,US,"AT&T Enterprises, LLC",68761,18.75
38255,CN,China Education and Research Network (CERNET),4183,18.67
20473,US,"The Constant Company, LLC",21579,18.65
15830,NL,"Equinix, Inc.",15640,18.27
12389,RU,Rostelecom PJSC,14139,18.06
52468,PA,UFINET PANAMA S.A.,5951,18.04
30844,GB,Liquid Intelligent Technologies ,571,18.01
9498,IN,Bharti Airtel Ltd.,9481,17.67
208972,TR,GIBIRNet Iletisim,7933,17.11
31133,RU,MegaFon PJSC,3378,17.11
3303,CH,Swisscom (Schweiz) AG,8596,17.01
8220,GB,COLT,6416,16.97
20764,RU,CJSC RASCOM,5733,16.96
8359,RU,MTS PJSC,5088,16.94
16735,BR,Algar Telecom,1888,16.82
4230,BR,Claro (Embratel),875,16.81
8218,FR,Zayo Europe,8789,16.74
56662,PL,Marcin Gondek,10840,16.72
46887,US,Zayo (fka. Crown Castle),1187,16.45
53062,BR,ACESSOLINE TELECOMUNICACOES LTDA,1636,16.39
9929,CN,China Unicom Industrial Internet Backbone,1434,16.38
32787,US,Akamai (Prolexic),2628,16.29
7575,AU,Australian Academic and Research Network (AARNet),4525,16.21
60068,GB,Datacamp Limited (CDN77 / DataPacket),694,16.19
57304,RU,RETN Russia,1476,16.13
852,CA,TELUS Communications Inc.,2235,16.12
4755,IN,TATA Communications (formerly VSNL),2235,16.11
4766,KR,Korea Telecom,972,16.05
9304,HK,HGC Global Communications Limited,5297,15.9
22652,CA,Videotron Ltee,3668,15.83
5405,DE,Inter.link GmbH,3613,15.82
58057,CH,Securebit AG,4332,15.77
1031,US,PEER 1031 LLC,1198,15.74
9049,RU,"JSC ""ER-Telecom Holding""",922,15.7
9318,KR,SK Broadband Co Ltd,547,15.63
52025,GB,ParadoxNetworks Limited,1793,15.56
35598,RU,INETCOM CARRIER LLC,912,15.56
3786,KR,LG DACOM Corporation,492,15.48
13786,US,"Seaborn (Seabras USA, LLC)",972,15.44
29075,FR,IELO-LIAZO SERVICES SAS,3972,15.42
10429,BR,Vivo (Telefônica Brasil),476,15.28
61832,BR,Giga+ Empresas,713,15.27
62255,SI,BiMajLink d.o.o.,737,15.22
14789,US,"Cloudflare, Inc.",1220,15.21
13030,CH,Init7 (Switzerland) Ltd.,4191,15.19
23764,HK,China Telecom Global,941,15.1
22773,US,Cox Communications Inc.,530,15.08
209,US,Lumen (ex. Qwest),387,15.08
1103,NL,SURF B.V.,6383,15.06
4826,AU,Vocus Connect International Backbone,840,14.98
12741,PL,Netia SA,642,14.94
271253,BR,LINK BRASIL TELECOMUNICACOES LTDA,500,14.92
64073,NZ,Vetta Group,1685,14.89
61568,BR,ALOO TELECOM - FSF TECNOLOGIA SA,546,14.89
21859,US,Zenlayer Inc,1199,14.87
577,CA,Bell Canada,702,14.85
267613,BR,ELETRONET S.A.,499,14.85
37662,MU,West Indian Ocean Cable Company (WIOCC),501,14.72
212895,DE,Johannes Ernst,485,14.64
9930,MY,TIME dotCom Bhd,2797,14.55
8447,AT,A1 Telekom Austria AG,1356,14.49
137409,AU,GSL Networks Pty LTD,1184,14.48
3549,US,Lumen (fka. Global Crossing),435,14.47
28917,LT,"Fiord Networks, UAB",530,14.45
1764,AT,Next Layer Telecommunications,1934,14.39
28283,BR,Adyl Telecom,402,14.39
50509,RU,Transroute.Net,381,14.35
7029,US,Uniti (fka. Windstream),324,14.3
29838,US,"Atlantic Metro Communications II, Inc.",1071,14.29
3326,UA,Datagroup PJSC,445,14.24
50629,DE,LWLcom GmbH,1059,14.23
23520,US,"Columbus Networks USA, Inc.",601,14.17
3223,GB,Voxility LLP,758,14.15
812,CA,Rogers Communications Canada Inc.,259,14.13
1221,AU,Telstra Limited,542,14.12
29226,RU,MasterTel,280,14.12
10796,US,Charter Communications Inc,251,14.11
6327,CA,Shaw Communications,638,14.1
1257,EU,Tele2 Sverige AB,1069,14.09
5617,PL,Orange Polska Spolka Akcyjna,388,14.08
33491,US,"Comcast Cable Communications, LLC",274,14.08
54004,US,Cablevision Lightpath LLC,413,14.05
19551,US,Incapsula Inc,268,14.03
2497,JP,Internet Initiative Japan Inc.,463,14.01
2764,AU,AAPT Limited,340,14.01
20804,PL,Exatel S.A.,566,14.0
5650,US,Verizon (fka. Frontier),242,14.0
52925,BR,Ascenty Data Centers e Telecomunicações S/A,168,13.98
29535,PL,Orange Polska Spolka Akcyjna,383,13.94
7738,BR,V.tal (fka Telemar),303,13.94
8732,RU,JSC Comcor,208,13.94
22381,BR,SAMM (Megatelecom),285,13.92
42708,SE,Glesys AB,2198,13.91
11432,BR,Telium Telecomunicações Ltda,235,13.88
29076,RU,Citytelecom LLC,317,13.86
20115,US,Spectrum (Charter),218,13.85
4657,SG,StarHub Ltd,179,13.85
12912,PL,T-Mobile Polska S.A.,255,13.84
4800,ID,PT Aplikanusa Lintasarta,638,13.83
52965,BR,1Telecom,285,13.79
17676,JP,SoftBank Corp.,441,13.75
13536,US,"FirstLight Networks, LLC",209,13.74
37282,NG,MainOne Cable Company Nigeria Limited,185,13.74
3255,UA,Ukrainian Academic and Research Network,271,13.71
13649,US,Flexential Colorado Corp.,161,13.7
64126,DO,"DOMINICAN TELECOM PRIME, DTP, S.R.L.",65,13.7
28368,BR,Wirelink (Sobralnet),220,13.69
11164,US,Internet2 I2PX,211,13.68
15164,US,Segra (Unite),172,13.67
7474,AU,SingTel Optus Pty Ltd,285,13.61
2516,JP,KDDI Corporation,262,13.61
23106,BR,American Tower Brasil,227,13.61
264409,BR,Huge Networks,273,13.6
62081,PL,Stowarzyszenie e-Poludnie,275,13.59
28146,BR,MHNET TELECOM,186,13.59
702,US,Verizon Business - EMEA,182,13.59
198949,IL,Radware,254,13.58
263009,BR,FORTE TELECOM LTDA.,235,13.56
44324,US,MoeDove LLC,204,13.55
6204,RO,TMRC GROUP SRL,649,13.54
23947,ID,PT Mora Telematika Indonesia Tbk,525,13.54
1828,US,PacketFabric / Unitas Global,181,13.54
49915,GB,Megaport Global Access,348,13.52
43298,RU,Storm Networks LLC,323,13.5
53087,BR,TELY Ltda.,218,13.5
7473,SG,Singapore Telecommunications Ltd,293,13.49
34872,BE,Servperso Systems,255,13.47
12874,IT,Fastweb SpA,233,13.47
40264,US,Charter Communications LLC,145,13.47
20001,US,Charter Communications Inc,153,13.46
201706,RU,SERVICEPIPE LLC,184,13.44
136106,ID,PT Mega Akses Persada,676,13.42
8641,RU,"LLC ""Nauka-Svyaz""",195,13.42
11404,US,Astound (fka. Wave Broadband),171,13.41
3269,IT,TIM S.p.A. (fka. Telecom Italia S.p.A.),179,13.4
33667,US,"Comcast Cable Communications, LLC",140,13.4
23005,US,"SWITCH, LTD",136,13.4
53181,BR,K2 Telecom e Multimidia LTDA ME,225,13.38
13237,DE,euNetworks GmbH,304,13.37
265269,BR,MEGA TELE INFORMATICA,180,13.35
52573,BR,Une Telecom Ltda,173,13.35
21949,CA,Beanfield Technologies Inc.,159,13.34
11427,US,Charter Communications Inc,140,13.34
2152,US,CENIC - CalREN,124,13.33
28598,BR,MOB,196,13.32
263903,BR,INFORBARRA TELECOM,191,13.32
7015,US,"Comcast Cable Communications, LLC",169,13.32
6730,CH,Sunrise GmbH,286,13.31
53667,US,FranTech Solutions,187,13.29
269194,BR,ST1 INTERNET,166,13.27
20940,NL,Akamai International B.V.,254,13.25
32098,US,Flō Networks (Transtelco Inc.),208,13.25
21574,BR,Century Telecom Ltda,154,13.25
33651,US,"Comcast Cable Communications, LLC",142,13.25
33287,US,"Comcast Cable Communications, LLC",135,13.23
2856,GB,British Telecommunications,153,13.22
35297,UA,Dataline LLC,284,13.21
15694,PL,Atman Sp. z o.o.,158,13.21
9583,IN,Sify Limited,550,13.2
8151,MX,Telmex (Uninet),124,13.19
17378,US,"TierPoint, LLC",126,13.18
13760,US,Uniti Fiber Holdings Inc.,136,13.17
139341,SG,WeChat/QQ CDN,281,13.14
7016,US,"Comcast Cable Communications, LLC",115,13.14
27064,US,Defense Information Systems Agency (DISA),90,13.14
54994,CA,Meteverse Limited,272,13.13
12552,SE,GlobalConnect (IP-Only),246,13.12
33657,US,"Comcast Cable Communications, LLC",138,13.11
55836,IN,Reliance Jio Infocomm Limited,448,13.08
11537,US,Internet2,441,13.08
20055,US,Ziply Fiber,172,13.07
138840,ID,PT Parsaoran Global Datatrans,423,13.04
269096,BR,NORTH TECNOLOGIA,166,13.03
262663,BR,METROFLEX TELECOMUNICACOES LTDA,181,13.02
31027,DK,GlobalConnect A/S,234,13.01
35320,UA,Eurotranstelecom Ltd,201,13.01
2907,JP,Science Information Network,115,13.0
60171,ES,AFR-IX TELECOM S.A.,203,12.99
209533,CH,iFog GmbH - BGPTunnel,92,12.99
28126,BR,BRISANET SERVICOS DE TELECOMUNICACOES S.A,126,12.98
7303,AR,Telecom Argentina S.A.,289,12.96
11351,US,Charter Communications Inc,95,12.96
33132,US,Zayo Bandwidth,93,12.95
8881,DE,1&1 Versatel GmbH,212,12.93
13767,US,"DataBank Holdings, Ltd.",94,12.93
55410,IN,Vodafone Idea Ltd,376,12.89
2686,US,"AT&T Enterprises, LLC",98,12.89
24429,CN,Alibaba Cloud,238,12.88
2711,US,Spirit Communications,102,12.86
33763,MU,Paratus Telecommunications Limited,117,12.85
16637,ZA,MTN SA (Bayobab),90,12.85
21497,UA,Vodafone Ukraine,150,12.82
16276,FR,OVH SAS,555,12.81
262907,BR,Brasil TecPar,115,12.81
6079,US,Astound (fka. RCN),116,12.8
28343,BR,Unifique Telecomunicações SA,115,12.8
1680,IL,Cellcom Fixed Line Communication L.P,167,12.79
45820,IN,Tata Teleservices ISP,390,12.78
209735,GB,Lagrange Cloud Technologies Limited,95,12.78
2854,RU,LLC Orange Business Services,95,12.77
33659,US,"Comcast Cable Communications, LLC",91,12.77
11664,AR,Techtel LMDS Comunicaciones Interactivas S.A.,186,12.76
1820,US,WNET TELECOM USA Corp.,147,12.76
36236,US,"NetActuate, Inc",196,12.75
4713,JP,NTT Communications Corporation (OCN),98,12.75
8772,UA,NetAssist LLC,94,12.74
12025,US,Iron Mountain Data Centers,93,12.72
26615,BR,TIM S/A,85,12.72
62,US,CyrusOne LLC,76,12.72
11172,MX,"Alestra, S. de R.L. de C.V.",120,12.71
262462,BR,Aranet Play,112,12.71
18734,MX,"Operbes, S.A. de C.V.",95,12.71
7717,ID,OpenIXP Route Servers,229,12.7
20205,US,"Amplex Electric, Inc.",191,12.69
55002,US,"F5, Inc.",134,12.68
31242,PL,P4 Sp. z o.o.,90,12.66
9299,PH,PLDT (Philippine Long Distance Telephone Company),211,12.64
37613,GH,DOLPHIN TELECOMMUNICATION LIMITED,88,12.63
306,US,United States Department of Defense (DoD),63,12.62
8551,IL,Bezeq International Ltd.,142,12.61
54113,US,"Fastly, Inc.",58,12.61
9808,CN,China Mobile Backbone,2502,12.6
52554,BR,Rede MegasNet Telecomunicações,100,12.6
26554,US,"US Signal Company, L.L.C.",81,12.6
264997,BR,Direct Telecom Ltda,76,12.59
37271,ZA,Workonline Communications(Pty) Ltd,167,12.58
199599,RU,"Telecom-Birzha, LLC",104,12.57
9848,KR,SEJONG NETWORKS,61,12.57
5056,US,Aureon Network Services,81,12.56
7795,US,"LUMOS Networks, Inc.",81,12.56
131111,ID,PT Mora Telematika Indonesia Tbk,240,12.54
31898,US,Oracle Cloud,88,12.52
11796,US,"Airstream Communications, LLC",74,12.52
18678,CO,INTERNEXA S.A. E.S.P,140,12.5
263966,BR,WorldWifi,72,12.48
7049,AR,Silica Networks Argentina S.A.,356,12.47
29119,ES,AIRE NETWORKS DEL MEDITERRANEO SL UNIPERSONAL,316,12.47
38195,AU,Superloop,189,12.47
6663,RO,Türk Telekom International,207,12.46
11426,US,Charter Communications Inc,78,12.46
600,US,OARnet,57,12.46
4761,ID,PT Indosat Tbk,131,12.45
8167,BR,V.tal,92,12.44
8452,EG,Telecom Egypt,74,12.44
30781,FR,Free Pro SAS,169,12.43
13367,US,"Comcast Cable Communications, LLC",71,12.43
262589,BR,SAMM (Internexa),66,12.43
12302,RO,Vodafone Romania S.A.,218,12.42
703,US,Verizon Business - APAC,87,12.42
202,US,"Level 3 Parent, LLC",79,12.42
17222,BR,MUNDIVOX DO BRASIL LTDA,64,12.42
147094,ID,PT Mitra Visioner Pratama,529,12.41
9050,RO,Orange Romania S.A.,169,12.41
28186,BR,ITS TELECOMUNICACOES LTDA,95,12.37
41051,CH,Freetransit Project (Openfactory GmbH),69,12.37
207841,GB,Inferno Communications Ltd,72,12.35
14868,BR,Ligga Telecomunicações S.A.,63,12.35
3301,SE,Telia Company AB,106,12.34
33363,US,"Charter Communications, Inc",73,12.34
35661,FR,VIRTUA SYSTEMS SAS,224,12.33
139057,SG,Legend Dynasty Pte. Ltd.,91,12.32
24785,NL,Joint Transit (Broadband Hosting B.V.),315,12.31
3758,SG,SingNet,84,12.31
262476,BR,BRCENTRAL TELECOM,73,12.31
52873,BR,Softdados Telecomunicações,98,12.3
12400,IL,Partner Communications Ltd.,122,12.29
19009,US,"Missouri Network Alliance, LLC",60,12.29
3215,FR,Orange S.A.,130,12.28
12129,US,"123.Net, Inc.",117,12.28
58717,BD,Summit Communications Ltd,1250,12.27
6855,SK,"Slovak Telekom, a.s.",116,12.27
9790,NZ,Two Degrees Networks Limited,112,12.27
59692,AE,IQWeb FZ-LLC,84,12.27
33652,US,"Comcast Cable Communications, LLC",66,12.26
17995,ID,PT iForte Global Internet,133,12.25
4455,GB,IX Reach Ltd,102,12.25
8400,RS,Telekom Srbija a.d.,114,12.24
15895,UA,"""Kyivstar"" PJSC",96,12.24
33650,US,"Comcast Cable Communications, LLC",68,12.23
4787,ID,PT Cyberindo Aditama,242,12.22
139317,CN,Ningbo Dahuamao Information Technology Co Ltd,70,12.21
59796,SK,StormWall s.r.o.,247,12.2
3209,DE,Vodafone GmbH,118,12.2
12479,ES,Orange Espagne SA,84,12.2
265038,BR,TELFO SERVICO DE TELECOMUNICACOES LTDA,83,12.2
3352,ES,TELEFONICA DE ESPANA S.A.U.,76,12.2
7459,US,Astound (fka. Grande),66,12.2
5603,SI,"Telekom Slovenije, d.d.",160,12.17
53356,CA,Free Range Cloud Hosting Inc.,104,12.17
1267,IT,WIND TRE S.P.A.,102,12.17
10103,HK,HK Broadband Network Ltd.,90,12.16
28220,BR,Alares Internet,84,12.16
62943,US,"Missouri Network Alliance, LLC",72,12.16
2519,JP,ARTERIA Networks Corporation,86,12.15
3754,US,NYSERNet,67,12.15
268696,BR,Tuddo Telecom Ltda.,113,12.12
196695,RU,NetOne Rus JSC,66,12.12
9198,KZ,JSC Kazakhtelecom,118,12.11
4788,MY,TM Technology Services Sdn. Bhd.,148,12.1
2687,US,"AT&T Enterprises, LLC",63,12.1
47272,US,HYEHOST LLC,68,12.07
262740,BR,VELOO NET LTDA,61,12.07
3292,DK,TDC Holding A/S,106,12.05
28329,BR,SAMM  (G8/Megatelecom),80,12.05
35000,RU,"JSC ""Severen-Telecom""",64,12.05
45899,VN,VNPT Corp,158,12.04
28716,IT,Retelit Digital Services S.p.A.,111,12.04
7385,US,Zayo (fka Allstream),68,12.04
6789,RU,CRELCOM LLC,62,12.03
29465,NG,MTN NIGERIA Communication limited,52,12.03
38158,ID,PT Cyberindo Aditama,327,12.01
268624,BR,Gamers Club Ltda,126,12.01
12357,ES,VODAFONE ESPANA S.A.U.,108,12.01
32505,US,Conterra,70,12.01
4515,HK,PCCW IMS Ltd (PCCW Business Internet Access),58,12.01
18229,IN,CtrlS,600,12.0
15994,HR,A1 Hrvatska d.o.o.,64,12.0
44600,UA,"""GIGATRANS UKRAINE"", LLC",83,11.99
12695,RU,LLC Digital Network,59,11.99
4808,CN,China Unicom Beijing Province Network,77,11.98
12963,UA,"Scientific Industrial Firm ""Volz"" Ltd",78,11.97
266931,BR,NOVELL INTERNET,67,11.96
24961,DE,WIIT AG (fka. myLoc Managed IT AG),190,11.95
41798,KZ,JSC Transtelecom,101,11.95
56534,RU,Comfortel Ltd.,85,11.95
30600,US,Metronet,65,11.94
17557,PK,Pakistan Telecommunication Company Limited,222,11.93
4764,AU,Aussie Fibre Pty Ltd,166,11.93
33490,US,Comcast (Portland/Spokane),62,11.93
19108,US,Optimum,76,11.92
11967,EE,Hop179 OU,63,11.92
20632,RU,PJSC MegaFon,58,11.92
26801,US,"Zito Media, L.P.",52,11.92
16509,US,"Amazon.com, Inc.",179,11.91
9141,PL,P4 Sp. z o.o.,80,11.91
2116,NO,GLOBALCONNECT AS,94,11.9
9121,TR,Turk Telekom,493,11.88
8708,RO,DIGI ROMANIA S.A.,453,11.88
263276,BR,BBG TELECOM LTDA,87,11.87
52863,BR,UPX TECNOLOGIA LTDA,85,11.87
5400,GB,British Telecommunications (International) ,65,11.87
28260,BR,ALTA REDE CORPORATE NETWORK TELECOM LTDA - EPP,72,11.85
22677,US,Charter Communications LLC,53,11.85
8529,AE,Zain Omantel International FZ-LLC,78,11.84
15305,US,"Syringa Networks, LLC",64,11.84
18403,VN,FPT Telecom Company,290,11.82
39392,CZ,SH.cz s.r.o.,171,11.82
52320,CO,V.tal (GlobeNet),115,11.81
263432,BR,CORPORATIVA TELECOMUNICACOES EIRELI ME,63,11.81
33668,US,"Comcast Cable Communications, LLC",58,11.78
7725,US,"Comcast Cable Communications, LLC",60,11.77
3204,EE,xTom OU,54,11.77
6181,US,Cincinnati Bell Telephone Company LLC,51,11.77
25159,RU,PJSC MegaFon,55,11.76
49063,RU,Data Storage Center JSC,53,11.75
12578,LV,SIA Tet,161,11.74
39737,RO,Prime Telecom srl,99,11.74
5089,GB,Virgin Media Limited,59,11.74
28198,BR,SEMPRE TELECOMUNICACOES LTDA,73,11.73
268314,BR,SUPORTI TELECOM,72,11.73
35708,DE,4b42 UG,64,11.73
262847,BR,DBUG TELECOM LTDA,57,11.73
262355,BR,VSX Networks,56,11.73
15557,FR,SFR SA,94,11.72
13876,US,"FiberLight, LLC",55,11.71
9009,RO,M247 Europe SRL,184,11.7
36994,ZA,Vodacom,61,11.7
33660,US,"Comcast Cable Communications, LLC",57,11.7
270735,BR,COMPUTIZE NETWORK TELECOMUNICACOES LTDA,113,11.68
8767,DE,M-net Telekommunikations GmbH,67,11.68
25899,US,LS Networks,59,11.68
10753,US,"Level 3 Parent, LLC",51,11.67
8473,SE,Bahnhof AB,68,11.66
25180,GB,Exponential-E Ltd.,51,11.64
5606,RO,GTS Telecom SRL,92,11.63
1759,FI,Telia Finland Oyj,54,11.63
4847,CN,China Telecom Beijing Province Network,65,11.61
6697,BY,Beltelecom,54,11.61
32097,US,"WholeSale Internet, Inc.",182,11.58
8953,RO,Orange Romania S.A.,115,11.58
43727,RU,JSC KVANT-TELEKOM,51,11.57
9730,IN,Bharti Telesonic Ltd,230,11.55
201776,RU,Miranda-Media Ltd,71,11.55
53115,BR,ISPX Solucoes em Telecomunicacoes SPE Ltda,69,11.55
34984,TR,Superonline Iletisim Hizmetleri A.S.,342,11.52
15935,CZ,ha-vel internet s.r.o.,236,11.51
52872,BR,VOANET Telecomunicações Ltda.,76,11.5
262761,BR,Sinal Br Telecom Ltda,56,11.5
719,FI,Elisa Oyj,63,11.49
328977,KE,Wavex Internet Service Provider LTD,161,11.48
4775,PH,Globe Telecoms,113,11.48
835,CA,GoCodeIT Inc,78,11.48
53180,BR,INFORTEL COMUNICACOES LTDA,52,11.48
57724,RU,DDOS-GUARD LTD,74,11.45
31042,RS,Yettel d.o.o.,51,11.45
35805,GE,"JSC ""Silknet""",75,11.44
28761,RU,CrimeaCom South LLC,51,11.44
22927,AR,Telefonica de Argentina,224,11.42
8455,NL,atom86 BV,169,11.42
262191,CO,LIBERTY NETWORKS DE COLOMBIA S.A.S,58,11.42
5578,SK,"SWAN, a.s.",52,11.42
29802,US,"HIVELOCITY, Inc.",99,11.41
39686,NL,Eurofiber Nederland BV,95,11.4
39386,SA,Saudi Telecom Company JSC,67,11.38
6849,UA,"JSC ""Ukrtelecom""",53,11.38
8717,BG,A1 Bulgaria EAD,200,11.37
34309,DE,Link11 GmbH,68,11.37
42337,IR,Respina Networks & Beyond PJSC,260,11.36
45458,TH,SBN-ISP/AWN-ISP and SBN-NIX/AWN-NIX,85,11.36
3573,US,Accenture LLP,85,11.35
35753,SA,Etihad Salam Telecom CJSC,80,11.35
197068,RU,High Load Lab (Qrator),53,11.34
206499,GB,LOCIX LIMITED,298,11.33
28173,BR,Dinamica Telecomunicacoes Ltda,54,11.33
58389,ID,PT Sumber Data Indonesia,202,11.32
5713,ZA,Telkom SA Ltd.,53,11.32
15412,GB,Flag Telecom UK Limited,334,11.31
47605,FI,FNE-Finland Oy,75,11.3
55720,MY,Gigabit Hosting Sdn Bhd,308,11.29
17408,TW,AboveNet Communications Taiwan,107,11.29
15802,AE,Emirates Integrated Telecommunications Company PJSC,86,11.29
35168,KZ,TNS-Plus LLP,73,11.29
41327,IT,Fiber Telecom S.p.A.,171,11.28
38193,PK,Transworld Associates (Pvt.) Ltd.,131,11.27
3267,RU,National Research Computer Network of Russia,65,11.27
42473,AT,Anexia Cloud Solutions GmbH,84,11.26
2860,PT,"NOS COMUNICACOES, S.A.",58,11.26
8308,PL,NAUKOWA I AKADEMICKA SIEC KOMPUTEROWA - PANSTWOWY INSTYTUT BADAWCZY,74,11.23
7552,VN,Viettel Group,119,11.22
199995,UA,Omega Telecom LLC,74,11.2
6424,PT,EDGOO NETWORKS,94,11.19
57344,BG,Telehouse EAD,190,11.18
14259,CL,Gtd Internet S.A.,61,11.18
35819,SA,Etihad Etisalat (Mobily),56,11.18
56630,LT,Melbikomas UAB,104,11.16
8434,SE,Telenor Sverige AB,126,11.15
8280,GR,SYNAPSECOM S.A. Provider of Telecommunications and Internet Services,346,11.13
7470,TH,"TRUE INTERNET Co.,Ltd.",96,11.13
263703,VE,VIGINET C.A (vnet),91,11.13
34779,SI,"T-2, d.o.o.",104,11.12
11232,US,Midcontinent Communications,51,11.11
5391,HR,Hrvatski Telekom d.d.,61,11.1
12310,RO,iNES GROUP SRL,68,11.09
17451,ID,Biznet Networks,96,11.07
24724,PL,Atman Sp. z o.o.,53,11.06
16086,FI,DNA Oyj,51,11.06
150506,ID,PT Pusat Fiber Indonesia,186,11.05
47147,AT,Anexia Cloud Solutions GmbH,69,11.05
38731,VN,Viettel - CHT Company Ltd,81,11.04
3302,IT,Retelit Digital Services S.p.A.,53,11.03
45903,VN,CMC Telecom Infrastructure Company,155,11.02
55685,ID,PT Jala Lintas Media,127,11.02
17762,IN,Tata Teleservices Maharashtra Ltd,127,11.02
4651,TH,The Communications Authority of Thailand (CAT),60,11.02
58511,AU,Swoop (Anycast Global Backbone),60,11.01
8903,ES,LYNTIA NETWORKS S.A.,75,10.98
29208,CZ,"Quantcom, a.s.",69,10.97
12541,ES,LYNTIA NETWORKS S.A.,65,10.97
132280,TH,Symphony Communication (Thailand) PCL.,65,10.96
63293,US,Meta (CDN Network),95,10.94
45147,ID,PT NAP Info Lintas Nusa,157,10.93
2119,NO,Telenor Norge AS,71,10.92
45177,NZ,Devoli,55,10.89
61621,BR,Norte.Net Telecomunicações Ltda,51,10.89
58495,ID,PT Parsaoran Global Datatrans,124,10.88
263702,CL,GRUPO ZGH SPA,66,10.87
41095,GB,IPTP LTD,60,10.87
56048,CN,China Mobile Group Beijing Company,51,10.82
34224,BG,Neterra Ltd.,173,10.8
137366,ID,PT iForte Solusi Infotek,153,10.79
133095,ID,PT Pusat Fiber Indonesia,195,10.78
9507,AU,NextHop Pty Ltd,58,10.78
11014,AR,Metrotel,83,10.77
8412,AT,T-Mobile Austria GmbH,55,10.76
17433,HK,Hytron Network Services Limited,67,10.74
9829,IN,BSNL (Bharat Sanchar Nigam Ltd),84,10.73
271493,BR,SPEED NET PEDRA,58,10.73
26677,CA,ORION,51,10.73
9931,TH,National Telecom Public Company Limited,53,10.72
52361,AR,ARSAT - Empresa Argentina de Soluciones Satelitales S.A.,167,10.7
4621,TH,UniNet Thailand,68,10.7
35625,FR,Eurofiber France SAS,67,10.69
24534,ID,PT Trans Hybrid Communication,164,10.68
15924,TR,Vodafone Turkey,167,10.62
16019,CZ,Vodafone Czech Republic a.s.,136,10.62
135607,PH,Infinivan Incorporated,200,10.6
6774,BE,BICS (Belgacom),57,10.57
45305,ID,PT Lintas Data Prima,76,10.53
135069,NZ,Feenix Communications Limited,55,10.53
45117,IN,Ishan Netsol Pvt Ltd,124,10.52
35699,ES,Adamo Telecom Iberia S.A.,58,10.5
5483,HU,Magyar Telekom Plc.,66,10.49
55850,NZ,Mercury NZ Limited,51,10.48
40676,US,Psychz Networks,88,10.45
49581,DE,Ferdinand Zink trading as Tube-Hosting,135,10.44
8262,BG,Evolink EAD,89,10.44
141137,ID,PT Media Cepat Indonesia,79,10.44
57866,NL,Fusix Networks B.V.,71,10.4
24516,AU,Virtutel Pty Ltd,51,10.39
9119,SI,SOFTNET d.o.o.,69,10.38
29049,AZ,Delta Telecom Ltd,65,10.38
3399,SE,Obenet AB,61,10.37
26042,US,"FiberState, LLC",58,10.35
64315,ID,PT Mitra Visioner Pratama,141,10.34
134654,ID,PT Data Utama Dinamika,82,10.32
13194,LT,"UAB ""Bite Lietuva""",58,10.32
10099,HK,China Unicom Global,104,10.3
3170,GB,VeloxServ Communications Ltd,65,10.3
10075,BD,Fiber@Home Global Limited,401,10.29
44901,BG,Belcloud LTD,113,10.29
58224,IR,Iran Telecommunication Company PJS,92,10.29
3249,EE,Telia Eesti AS,52,10.28
30058,US,FDCservers.net,78,10.27
43754,IR,Asiatech Data Transmission company,134,10.24
20965,NL,GEANT Vereniging,78,10.18
138128,ID,PT Solnet Indonesia,113,10.16
136557,AU,Host Universal Pty Ltd,85,10.13
45430,TH,SBN-IIG/AWN-IIG transit provider,51,10.1
5610,CZ,"O2 Czech Republic, a.s.",53,10.08
17439,IN,NTT Communications India Pvt. Ltd.,64,10.07
3212,SI,Telemach Slovenija d.o.o.,62,10.07
63927,HK,RISE,109,10.06
133296,IN,Web Werks India Pvt. Ltd.,61,10.05
31287,BG,IPACCT CABLE Ltd,113,10.04
29169,FR,GANDI SAS,102,9.99
396998,US,"Path Network, Inc.",51,9.97
8849,LT,Melbikomas UAB,55,9.9
17665,IN,ONEOTT INTERTAINMENT LIMITED,115,9.86
14618,US,"Amazon.com, Inc.",55,9.85
47232,CZ,ISP Alliance a.s.,70,9.82
134823,TW,"Sky Digital Co., Ltd.",51,9.64
55818,ID,Matrix Cable Internet Exchange,57,9.63
4780,TW,Digital United Inc.,56,9.62
6206,NL,Netrouting B.V.,69,9.6
12297,AM,Telecom Armenia OJSC,63,9.49
8866,BG,Vivacom Bulgaria EAD,172,9.46
24875,NL,NovoServe B.V.,53,9.36
4750,TH,CS LOXINFO PUBLIC COMPANY LIMITED,55,9.28
55824,IN,NKN Core Network,87,9.27
138915,HK,Kaopu Cloud HK Limited,91,9.25
139009,BD,Windstream Communication Limited,378,9.24
49800,AM,GNC-Alfa CJSC,61,9.23
9505,TW,Taiwan Internet Gateway,78,9.22
12735,TR,TurkNet Iletisim Hizmetleri A.S.,95,9.02
4229,US,Zenlayer Inc,57,8.92
150178,BD,EXABYTE LTD,180,8.8
58682,BD,Level3 Carrier Ltd.,268,8.75
24198,ID,PT Datakom Padma Jaya,55,8.74
35200,GB,TransitX Ltd,51,8.71
58715,BD,EARTH TELECOMMUNICATION (Pvt) LTD.,151,8.67
63023,US,GTHost,64,8.65
58212,DE,dataforest GmbH,70,8.64
62610,US,Zenlayer Inc,56,8.48
30823,DE,aurologic GmbH,64,8.47
44066,DE,firstcolo GmbH,114,8.45
17494,BD,Bangladesh Telegraph & Telephone Board,87,8.38
52444,AR,Pogliotti & Pogliotti Construcciones S.A.,58,8.24
137491,BD,Peerex Networks Ltd,62,8.23
42020,LB,OGERO,133,8.13
149994,BD,Rego Communications Ltd,55,8.0
132770,IN,Gazon Communications India Limited,63,7.36
139901,BD,Apple Communication Ltd.,59,6.84
135718,IN,DISHAWAVES INFONET PVT. LTD,51,6.35
150748,BD,Gmax,53,6.02
58656,BD,bdHUB Limited,54,5.06
