cc,rir,asn_count,valid_pct_now,total_now,valid_pct_now_v6,total_now_v6,valid_pct_3mo,delta_3mo,valid_pct_3mo_v6,delta_3mo_v6,valid_pct_6mo,delta_6mo,valid_pct_6mo_v6,delta_6mo_v6,valid_pct_12mo,delta_12mo,valid_pct_12mo_v6,delta_12mo_v6,valid_pct_24mo,delta_24mo,valid_pct_24mo_v6,delta_24mo_v6
AD,ripencc,4,98.0,98,96.8,31,96.6,1.4,96.6,0.2,96.4,1.6,96.6,0.2,96.2,1.8,97.2,-0.4,98.6,-0.6,83.8,13.0
AE,ripencc,212,82.6,5590,48.4,2012,85.6,-3.0,49.9,-1.5,85.5,-2.9,95.4,-47.0,85.9,-3.3,90.6,-42.2,85.7,-3.1,43.5,4.9
AF,apnic,75,90.0,609,89.5,19,89.2,0.8,87.5,2.0,88.7,1.3,92.9,-3.4,94.6,-4.6,88.2,1.3,72.5,17.5,85.0,4.5
AG,arin,18,21.0,143,76.5,17,22.8,-1.8,75.0,1.5,25.5,-4.5,66.7,9.8,15.0,6.0,76.5,0.0,17.8,3.2,78.6,-2.1
AI,arin,4,11.6,43,80.0,5,9.4,2.2,80.0,0.0,9.3,2.3,80.0,0.0,4.5,7.1,75.0,5.0,9.1,2.5,16.7,63.3
AL,ripencc,132,91.9,953,71.3,327,90.6,1.3,96.6,-25.3,92.1,-0.2,97.7,-26.4,90.4,1.5,97.5,-26.2,88.5,3.4,98.2,-26.9
AM,ripencc,154,93.5,875,85.1,87,91.9,1.6,94.2,-9.1,89.1,4.4,88.4,-3.3,89.2,4.3,91.6,-6.5,83.6,9.9,87.3,-2.2
AO,afrinic,70,49.0,747,83.3,36,48.5,0.5,77.1,6.2,45.0,4.0,75.0,8.3,59.4,-10.4,78.6,4.7,56.6,-7.6,85.7,-2.4
AQ,arin,1,83.3,12,100.0,16,84.6,-1.3,100.0,0.0,100.0,-16.7,100.0,0.0,100.0,-16.7,100.0,0.0,93.8,-10.5,100.0,0.0
AR,lacnic,1248,82.9,16983,69.2,4276,82.6,0.3,68.8,0.4,81.8,1.1,70.8,-1.6,79.8,3.1,67.7,1.5,79.2,3.7,64.6,4.6
AS,apnic,2,17.9,78,75.0,4,19.7,-1.8,83.3,-8.3,20.0,-2.1,83.3,-8.3,21.1,-3.2,83.3,-8.3,18.6,-0.7,88.9,-13.9
AT,ripencc,757,68.8,3685,77.3,931,65.5,3.3,77.2,0.1,62.8,6.0,75.4,1.9,61.3,7.5,74.9,2.4,59.7,9.1,75.1,2.2
AU,apnic,2994,49.5,22311,37.1,5153,36.4,13.1,37.0,0.1,34.5,15.0,32.1,5.0,36.3,13.2,43.4,-6.3,30.9,18.6,28.4,8.7
AW,lacnic,3,98.5,133,100.0,4,100.0,-1.5,100.0,0.0,98.6,-0.1,100.0,0.0,99.3,-0.8,100.0,0.0,96.2,2.3,100.0,0.0
AX,ripencc,1,89.4,47,80.0,5,89.1,0.3,80.0,0.0,85.4,4.0,80.0,0.0,84.8,4.6,80.0,0.0,85.1,4.3,66.7,13.3
AZ,ripencc,119,87.7,1250,86.3,73,85.9,1.8,73.8,12.5,85.6,2.1,74.6,11.7,62.4,25.3,70.8,15.5,59.5,28.2,52.8,33.5
BA,ripencc,60,82.2,721,91.9,37,82.2,0.0,92.3,-0.4,82.5,-0.3,92.5,-0.6,81.8,0.4,90.2,1.7,82.6,-0.4,80.6,11.3
BB,arin,10,27.3,311,13.6,22,26.5,0.8,18.2,-4.6,28.9,-1.6,57.1,-43.5,20.8,6.5,21.7,-8.1,3.2,24.1,14.3,-0.7
BD,apnic,2022,93.4,8861,85.7,4211,94.1,-0.7,85.4,0.3,91.1,2.3,67.5,18.2,94.7,-1.3,89.1,-3.4,93.8,-0.4,93.5,-7.8
BE,ripencc,381,73.2,2567,82.0,583,71.6,1.6,82.3,-0.3,69.5,3.7,81.1,0.9,68.0,5.2,78.2,3.8,57.0,16.2,70.4,11.6
BF,afrinic,30,81.1,663,95.0,119,79.2,1.9,95.0,0.0,76.9,4.2,94.0,1.0,88.9,-7.8,95.6,-0.6,86.2,-5.1,87.0,8.0
BG,ripencc,741,90.3,7887,88.6,757,89.0,1.3,88.4,0.2,88.6,1.7,89.4,-0.8,87.2,3.1,83.9,4.7,82.6,7.7,85.6,3.0
BH,ripencc,25,84.5,1727,99.2,1080,83.8,0.7,99.2,0.0,84.9,-0.4,99.7,-0.5,83.2,1.3,99.6,-0.4,83.7,0.8,99.7,-0.5
BI,afrinic,8,15.0,133,60.0,5,14.4,0.6,75.0,-15.0,13.8,1.2,66.7,-6.7,10.5,4.5,60.0,0.0,9.3,5.7,100.0,-40.0
BJ,afrinic,16,65.7,201,75.0,12,55.8,9.9,62.5,12.5,57.7,8.0,64.7,10.3,5.7,60.0,53.8,21.2,3.4,62.3,50.0,25.0
BL,arin,4,100.0,8,100.0,5,100.0,0.0,100.0,0.0,100.0,0.0,100.0,0.0,100.0,0.0,83.3,16.7,100.0,0.0,75.0,25.0
BM,arin,22,67.4,187,78.3,23,68.8,-1.4,78.3,0.0,67.0,0.4,66.7,11.6,65.2,2.2,63.6,14.7,23.9,43.5,50.0,28.3
BN,apnic,10,84.7,301,93.3,15,83.1,1.6,93.8,-0.5,82.8,1.9,92.9,0.4,83.1,1.6,100.0,-6.7,80.1,4.6,100.0,-6.7
BO,lacnic,61,97.2,1232,99.1,338,96.8,0.4,99.1,0.0,92.7,4.5,97.0,2.1,91.5,5.7,95.1,4.0,91.9,5.3,79.9,19.2
BQ,lacnic,6,97.2,36,100.0,4,83.3,13.9,100.0,0.0,83.3,13.9,100.0,0.0,77.5,19.7,100.0,0.0,76.5,20.7,100.0,0.0
BR,lacnic,9171,56.2,88335,54.4,36298,51.0,5.2,51.3,3.1,45.2,11.0,48.8,5.6,47.4,8.8,45.1,9.3,41.4,14.8,41.5,12.9
BS,arin,13,26.2,145,5.9,290,26.6,-0.4,6.5,-0.6,27.0,-0.8,4.9,1.0,25.5,0.7,5.2,0.7,22.6,3.6,1.1,4.8
BT,apnic,43,100.0,96,72.5,120,98.9,1.1,70.5,2.0,97.8,2.2,97.7,-25.2,97.8,2.2,100.0,-27.5,89.4,10.6,100.0,-27.5
BW,afrinic,33,72.7,304,66.7,18,67.4,5.3,62.5,4.2,55.3,17.4,57.1,9.6,55.7,17.0,57.1,9.6,55.4,17.3,53.8,12.9
BY,ripencc,116,79.0,1323,75.0,124,79.2,-0.2,74.8,0.2,76.9,2.1,76.2,-1.2,74.3,4.7,77.6,-2.6,52.2,26.8,55.4,19.6
BZ,lacnic,25,86.2,167,87.3,71,85.6,0.6,86.5,0.8,84.0,2.2,85.9,1.4,82.5,3.7,76.7,10.6,77.4,8.8,88.6,-1.3
CA,arin,2528,74.8,41479,73.7,4398,74.0,0.8,72.4,1.3,73.1,1.7,71.4,2.3,52.2,22.6,57.9,15.8,43.8,31.0,56.9,16.8
CD,afrinic,51,56.3,375,26.3,57,38.0,18.3,28.8,-2.5,36.9,19.4,26.8,-0.5,23.3,33.0,19.0,7.3,27.7,28.6,83.9,-57.6
CF,afrinic,4,19.2,26,100.0,4,19.2,0.0,100.0,0.0,14.8,4.4,100.0,0.0,4.2,15.0,100.0,0.0,7.7,11.5,100.0,0.0
CG,afrinic,13,16.9,136,88.9,9,13.1,3.8,80.0,8.9,9.2,7.7,66.7,22.2,13.7,3.2,69.2,19.7,21.7,-4.8,57.1,31.8
CH,ripencc,1062,69.2,5564,81.7,2511,67.8,1.4,80.9,0.8,63.3,5.9,76.5,5.2,60.7,8.5,16.4,65.3,59.4,9.8,72.1,9.6
CI,afrinic,24,93.9,1348,77.6,85,94.6,-0.7,76.8,0.8,85.9,8.0,78.7,-1.1,68.6,25.3,80.6,-3.0,19.9,74.0,58.8,18.8
CK,apnic,2,100.0,7,100.0,3,95.0,5.0,75.0,25.0,95.0,5.0,75.0,25.0,5.0,95.0,75.0,25.0,3.1,96.9,50.0,50.0
CL,lacnic,401,88.8,6166,64.5,1747,86.9,1.9,64.5,0.0,85.0,3.8,65.7,-1.2,85.4,3.4,64.7,-0.2,66.3,22.5,57.0,7.5
CM,afrinic,29,94.9,710,95.8,24,94.0,0.9,86.2,9.6,35.5,59.4,86.2,9.6,31.4,63.5,96.6,-0.8,13.6,81.3,92.3,3.5
CN,apnic,6503,89.3,71944,97.3,39600,88.0,1.3,95.7,1.6,4.4,84.9,13.0,84.3,3.9,85.4,2.1,95.2,2.9,86.4,1.7,95.6
CO,lacnic,521,93.5,11539,85.5,3866,93.7,-0.2,85.1,0.4,92.9,0.6,82.6,2.9,92.5,1.0,84.3,1.2,92.7,0.8,69.1,16.4
CR,lacnic,106,96.3,4069,97.5,725,96.6,-0.3,97.4,0.1,96.5,-0.2,97.2,0.3,96.2,0.1,97.1,0.4,96.0,0.3,98.6,-1.1
CU,lacnic,4,94.7,76,94.4,18,94.2,0.5,93.3,1.1,89.9,4.8,91.7,2.7,93.8,0.9,91.7,2.7,95.5,-0.8,90.0,4.4
CV,afrinic,8,36.9,65,60.0,5,40.6,-3.7,66.7,-6.7,86.4,-49.5,33.3,26.7,84.9,-48.0,66.7,-6.7,80.9,-44.0,50.0,10.0
CW,lacnic,30,90.6,319,96.8,31,91.8,-1.2,96.9,-0.1,91.7,-1.1,96.9,-0.1,90.3,0.3,96.8,0.0,90.5,0.1,96.6,0.2
CY,ripencc,177,66.8,1337,91.6,227,65.2,1.6,92.5,-0.9,66.5,0.3,93.1,-1.5,58.5,8.3,86.6,5.0,52.7,14.1,90.1,1.5
CZ,ripencc,715,80.8,3046,75.0,1055,82.9,-2.1,75.8,-0.8,82.0,-1.2,74.6,0.4,76.5,4.3,71.6,3.4,71.9,8.9,65.8,9.2
DE,ripencc,3262,80.1,36411,82.5,8724,79.4,0.7,82.8,-0.3,79.2,0.9,76.3,6.2,78.3,1.8,61.4,21.1,78.5,1.6,78.8,3.7
DJ,afrinic,4,97.3,74,90.9,11,97.2,0.1,91.7,-0.8,5.6,91.7,50.0,40.9,2.9,94.4,57.1,33.8,1.0,96.3,60.0,30.9
DK,ripencc,470,60.7,2387,74.4,516,60.9,-0.2,73.5,0.9,60.6,0.1,70.4,4.0,58.6,2.1,76.2,-1.8,51.9,8.8,64.8,9.6
DM,arin,8,5.5,73,80.0,5,5.3,0.2,83.3,-3.3,6.2,-0.7,83.3,-3.3,6.2,-0.7,85.7,-5.7,1.6,3.9,66.7,13.3
DO,lacnic,213,81.5,2730,92.2,1189,74.2,7.3,88.7,3.5,74.3,7.2,86.7,5.5,73.3,8.2,79.8,12.4,62.5,19.0,85.3,6.9
DZ,afrinic,13,16.8,1026,11.1,216,16.8,0.0,7.8,3.3,17.3,-0.5,7.9,3.2,13.5,3.3,15.0,-3.9,12.0,4.8,14.1,-3.0
EC,lacnic,264,97.2,4229,98.7,3567,97.1,0.1,98.2,0.5,95.9,1.3,98.6,0.1,95.8,1.4,96.7,2.0,95.6,1.6,98.0,0.7
EE,ripencc,243,81.0,925,88.5,227,80.5,0.5,88.8,-0.3,80.6,0.4,88.2,0.3,79.9,1.1,88.6,-0.1,75.6,5.4,73.0,15.5
EG,afrinic,86,95.5,11021,99.3,1725,95.4,0.1,99.2,0.1,95.3,0.2,99.2,0.1,7.7,87.8,95.9,3.4,8.0,87.5,93.9,5.4
ER,afrinic,1,37.5,8,100.0,2,37.5,0.0,100.0,0.0,9.5,28.0,100.0,0.0,25.0,12.5,100.0,0.0,20.0,17.5,100.0,0.0
ES,ripencc,1169,85.1,19160,81.1,2910,84.9,0.2,85.9,-4.8,83.9,1.2,92.4,-11.3,55.7,29.4,89.8,-8.7,53.7,31.4,88.8,-7.7
ET,afrinic,8,99.5,552,85.7,7,99.6,-0.1,87.5,-1.8,99.8,-0.3,87.5,-1.8,99.6,-0.1,100.0,-14.3,99.8,-0.3,100.0,-14.3
EU,ripencc,403,0.0,8,0.0,0,0.0,0.0,0.0,0.0,0.0,0.0,0.0,0.0,0.0,0.0,0.0,0.0,0.0,0.0,0.0,0.0
FI,ripencc,367,76.5,2464,80.1,391,73.9,2.6,78.9,1.2,73.3,3.2,78.4,1.7,70.1,6.4,79.5,0.6,61.6,14.9,72.6,7.5
FJ,apnic,20,98.3,175,86.4,22,97.1,1.2,100.0,-13.6,95.2,3.1,100.0,-13.6,94.4,3.9,100.0,-13.6,94.5,3.8,90.9,-4.5
FK,ripencc,2,100.0,4,100.0,2,100.0,0.0,100.0,0.0,100.0,0.0,100.0,0.0,100.0,0.0,100.0,0.0,100.0,0.0,100.0,0.0
FM,apnic,6,85.0,20,66.7,6,85.0,0.0,50.0,16.7,85.0,0.0,50.0,16.7,84.2,0.8,40.0,26.7,4.8,80.2,25.0,41.7
FO,ripencc,6,50.0,34,80.0,5,50.0,0.0,83.3,-3.3,46.9,3.1,75.0,5.0,46.9,3.1,100.0,-20.0,0.7,49.3,100.0,-20.0
FR,ripencc,1882,76.9,14870,85.7,2741,75.0,1.9,83.9,1.8,74.4,2.5,85.7,0.0,73.5,3.4,82.8,2.9,66.1,10.8,77.8,7.9
GA,afrinic,11,9.6,104,50.0,8,6.9,2.7,55.6,-5.6,6.4,3.2,55.6,-5.6,5.0,4.6,37.5,12.5,3.6,6.0,50.0,0.0
GB,ripencc,3213,66.4,23005,56.1,6448,65.8,0.6,57.0,-0.9,62.9,3.5,55.5,0.6,60.6,5.8,50.7,5.4,45.6,20.8,62.4,-6.3
GD,arin,11,31.1,74,56.4,39,29.6,1.5,57.5,-1.1,28.8,2.3,56.1,0.3,28.9,2.2,57.1,-0.7,31.6,-0.5,60.0,-3.6
GE,ripencc,174,70.5,779,89.7,58,71.1,-0.6,91.2,-1.5,71.1,-0.6,88.9,0.8,67.5,3.0,89.1,0.6,65.4,5.1,81.0,8.7
GF,lacnic,5,98.2,57,100.0,10,96.2,2.0,100.0,0.0,96.2,2.0,100.0,0.0,95.6,2.6,100.0,0.0,97.6,0.6,100.0,0.0
GG,ripencc,11,71.0,69,100.0,6,50.0,21.0,83.3,16.7,50.7,20.3,75.0,25.0,49.3,21.7,83.3,16.7,52.9,18.1,83.3,16.7
GH,afrinic,104,59.1,1017,89.5,143,55.4,3.7,88.4,1.1,51.8,7.3,89.6,-0.1,52.2,6.9,89.8,-0.3,43.8,15.3,38.5,51.0
GI,ripencc,26,93.5,154,100.0,8,93.2,0.3,100.0,0.0,89.9,3.6,100.0,0.0,87.8,5.7,100.0,0.0,86.0,7.5,38.4,61.6
GL,ripencc,1,77.1,35,90.9,11,76.5,0.6,90.9,0.0,80.6,-3.5,83.3,7.6,83.3,-6.2,83.3,7.6,80.6,-3.5,92.3,-1.4
GM,afrinic,11,51.6,122,53.8,13,50.4,1.2,53.8,0.0,49.2,2.4,41.7,12.1,48.6,3.0,41.7,12.1,25.8,25.8,55.6,-1.8
GN,afrinic,16,22.9,96,50.0,8,15.6,7.3,55.6,-5.6,9.3,13.6,57.1,-7.1,7.3,15.6,50.0,0.0,1.3,21.6,40.0,10.0
GP,arin,10,91.3,92,93.3,30,91.6,-0.3,90.3,3.0,93.5,-2.2,93.1,0.2,92.5,-1.2,89.7,3.6,92.4,-1.1,90.6,2.7
GQ,afrinic,7,54.8,42,100.0,3,51.3,3.5,100.0,0.0,51.3,3.5,100.0,0.0,51.4,3.4,100.0,0.0,50.0,4.8,100.0,0.0
GR,ripencc,262,87.5,2291,95.6,734,87.4,0.1,97.2,-1.6,86.5,1.0,95.7,-0.1,83.0,4.5,95.5,0.1,83.3,4.2,93.5,2.1
GS,ripencc,1,50.0,2,100.0,2,50.0,0.0,100.0,0.0,0.0,50.0,100.0,0.0,0.0,50.0,100.0,0.0,0.0,50.0,100.0,0.0
GT,lacnic,79,82.4,1162,94.5,457,82.8,-0.4,95.6,-1.1,84.8,-2.4,93.1,1.4,90.5,-8.1,97.2,-2.7,82.5,-0.1,94.9,-0.4
GU,apnic,10,79.7,118,100.0,32,80.7,-1.0,100.0,0.0,75.9,3.8,100.0,0.0,59.1,20.6,100.0,0.0,60.0,19.7,100.0,0.0
GW,afrinic,2,33.3,9,100.0,3,33.3,0.0,100.0,0.0,40.0,-6.7,100.0,0.0,25.0,8.3,100.0,0.0,14.3,19.0,100.0,0.0
GY,lacnic,6,98.9,93,100.0,52,99.0,-0.1,100.0,0.0,94.4,4.5,100.0,0.0,92.8,6.1,100.0,0.0,97.6,1.3,96.4,3.6
HK,apnic,1385,69.8,22705,50.3,3980,62.7,7.1,48.4,1.9,58.3,11.5,49.9,0.4,63.6,6.2,56.4,-6.1,58.6,11.2,36.5,13.8
HN,lacnic,109,88.7,994,94.5,181,88.9,-0.2,95.7,-1.2,86.2,2.5,96.0,-1.5,87.4,1.3,89.0,5.5,87.1,1.6,93.5,1.0
HR,ripencc,177,80.3,1128,83.7,92,77.5,2.8,83.7,0.0,77.3,3.0,81.5,2.2,75.4,4.9,81.2,2.5,75.2,5.1,71.4,12.3
HT,lacnic,11,56.3,270,75.0,4,56.1,0.2,80.0,-5.0,56.3,0.0,80.0,-5.0,3.7,52.6,60.0,15.0,3.4,52.9,66.7,8.3
HU,ripencc,300,80.7,1860,73.5,238,80.0,0.7,73.1,0.4,79.4,1.3,71.4,2.1,79.8,0.9,72.5,1.0,76.2,4.5,66.3,7.2
ID,apnic,4027,88.5,24561,57.4,6911,88.3,0.2,55.5,1.9,86.2,2.3,56.5,0.9,85.6,2.9,61.3,-3.9,81.9,6.6,38.8,18.6
IE,ripencc,285,65.1,3074,73.0,1236,67.0,-1.9,72.3,0.7,65.2,-0.1,71.5,1.5,78.7,-13.6,89.0,-16.0,75.1,-10.0,35.1,37.9
IL,ripencc,385,82.6,4828,75.2,804,78.6,4.0,68.6,6.6,84.7,-2.1,76.4,-1.2,83.9,-1.3,78.1,-2.9,81.3,1.3,82.6,-7.4
IM,ripencc,26,60.2,211,75.9,29,57.5,2.7,68.0,7.9,54.1,6.1,68.2,7.7,54.7,5.5,66.7,9.2,58.8,1.4,70.6,5.3
IN,apnic,6197,85.9,54642,86.2,21552,84.8,1.1,84.9,1.3,83.6,2.3,79.3,6.9,81.9,4.0,71.3,14.9,76.5,9.4,59.9,26.3
IO,apnic,1,100.0,13,100.0,2,100.0,0.0,100.0,0.0,100.0,0.0,100.0,0.0,100.0,0.0,100.0,0.0,100.0,0.0,100.0,0.0
IQ,ripencc,204,98.6,2311,99.1,562,97.9,0.7,99.0,0.1,97.5,1.1,98.3,0.8,96.9,1.7,96.2,2.9,95.3,3.3,97.6,1.5
IR,ripencc,855,92.2,9573,94.2,344,91.3,0.9,92.6,1.6,90.3,1.9,77.8,16.4,89.9,2.3,95.8,-1.6,90.6,1.6,94.3,-0.1
IS,ripencc,87,75.2,375,92.6,81,74.0,1.2,91.5,1.1,73.5,1.7,88.1,4.5,60.8,14.4,90.9,1.7,1.7,73.5,24.8,67.8
IT,ripencc,1321,51.3,15011,72.0,1351,68.2,-16.9,72.9,-0.9,65.8,-14.5,71.2,0.8,40.4,10.9,76.9,-4.9,40.4,10.9,83.3,-11.3
JE,ripencc,13,92.2,115,100.0,14,62.3,29.9,88.9,11.1,53.1,39.1,85.7,14.3,38.4,53.8,87.5,12.5,25.0,67.2,83.3,16.7
JM,arin,15,5.4,427,65.0,20,5.2,0.2,68.2,-3.2,4.5,0.9,32.4,32.6,4.0,1.4,32.4,32.6,2.4,3.0,18.2,46.8
JO,ripencc,57,63.2,1880,96.5,402,62.3,0.9,96.6,-0.1,60.9,2.3,95.9,0.6,62.0,1.2,94.9,1.6,62.7,0.5,98.3,-1.8
JP,apnic,981,65.1,17619,83.3,2417,63.2,1.9,81.1,2.2,61.1,4.0,80.8,2.5,59.5,5.6,79.0,4.3,49.1,16.0,17.6,65.7
KE,afrinic,246,76.1,3040,29.4,904,59.0,17.1,28.3,1.1,57.5,18.6,80.7,-51.3,48.8,27.3,79.5,-50.1,45.6,30.5,80.0,-50.6
KG,ripencc,69,79.8,495,90.9,22,79.8,0.0,90.5,0.4,79.3,0.5,81.8,9.1,78.1,1.7,94.7,-3.8,75.1,4.7,85.0,5.9
KH,apnic,143,94.5,2395,84.8,210,94.1,0.4,77.0,7.8,92.8,1.7,87.0,-2.2,90.6,3.9,85.3,-0.5,91.4,3.1,84.9,-0.1
KI,apnic,5,90.5,21,100.0,2,63.2,27.3,100.0,0.0,63.2,27.3,100.0,0.0,46.2,44.3,100.0,0.0,61.1,29.4,100.0,0.0
KM,afrinic,4,74.3,35,100.0,3,71.9,2.4,100.0,0.0,80.8,-6.5,100.0,0.0,80.8,-6.5,100.0,0.0,100.0,-25.7,100.0,0.0
KN,arin,11,11.7,111,78.6,14,16.7,-5.0,85.7,-7.1,6.3,5.4,46.4,32.2,17.2,-5.5,100.0,-21.4,6.1,5.6,100.0,-21.4
KP,apnic,1,0.0,6,100.0,4,0.0,0.0,85.7,14.3,0.0,0.0,80.0,20.0,66.7,-66.7,88.9,11.1,22.2,-22.2,90.0,10.0
KR,apnic,1085,6.6,27206,12.0,2401,6.6,0.0,13.9,-1.9,5.3,1.3,13.8,-1.8,4.7,1.9,19.5,-7.5,2.3,4.3,13.0,-1.0
KW,ripencc,85,67.1,2447,98.7,157,67.1,0.0,98.1,0.6,66.3,0.8,98.1,0.6,63.9,3.2,98.1,0.6,55.4,11.7,96.7,2.0
KY,arin,18,48.2,110,92.6,27,55.2,-7.0,93.1,-0.5,55.2,-7.0,92.0,0.6,57.3,-9.1,91.7,0.9,36.0,12.2,94.7,-2.1
KZ,ripencc,261,80.1,7579,38.5,1095,72.3,7.8,37.3,1.2,67.8,12.3,32.6,5.9,38.9,41.2,29.7,8.8,34.0,46.1,34.9,3.6
LA,apnic,42,94.6,367,94.4,54,94.6,0.0,91.4,3.0,93.8,0.8,93.3,1.1,90.7,3.9,89.1,5.3,90.4,4.2,97.6,-3.2
LB,ripencc,173,97.9,1508,91.5,59,97.9,0.0,92.1,-0.6,97.9,0.0,90.5,1.0,98.0,-0.1,91.2,0.3,96.2,1.7,90.2,1.3
LC,arin,7,12.2,90,62.1,29,11.3,0.9,64.5,-2.4,11.2,1.0,55.6,6.5,11.5,0.7,61.8,0.3,11.6,0.6,36.7,25.4
LI,ripencc,29,83.1,77,77.8,54,82.1,1.0,76.8,1.0,83.1,0.0,85.2,-7.4,85.7,-2.6,84.2,-6.4,80.6,2.5,65.5,12.3
LK,apnic,32,95.8,639,91.2,228,94.5,1.3,81.5,9.7,92.3,3.5,81.7,9.5,90.9,4.9,87.9,3.3,98.1,-2.3,88.0,3.2
LR,afrinic,16,43.0,100,58.3,12,44.3,-1.3,54.5,3.8,41.0,2.0,50.0,8.3,40.7,2.3,40.0,18.3,7.3,35.7,20.0,38.3
LS,afrinic,9,72.1,86,100.0,5,72.8,-0.7,100.0,0.0,71.1,1.0,100.0,0.0,31.0,41.1,66.7,33.3,50.6,21.5,75.0,25.0
LT,ripencc,219,89.9,2683,89.0,489,89.4,0.5,83.3,5.7,89.6,0.3,83.8,5.2,87.1,2.8,85.5,3.5,88.3,1.6,82.6,6.4
LU,ripencc,133,54.8,976,83.5,188,55.5,-0.7,77.6,5.9,53.8,1.0,81.5,2.0,52.6,2.2,79.8,3.7,50.3,4.5,75.6,7.9
LV,ripencc,314,83.8,1504,85.9,177,80.5,3.3,87.4,-1.5,78.4,5.4,85.6,0.3,76.5,7.3,81.9,4.0,76.3,7.5,74.4,11.5
LY,afrinic,27,65.0,611,90.4,114,71.5,-6.5,92.2,-1.8,78.5,-13.5,98.2,-7.8,73.7,-8.7,98.2,-7.8,76.4,-11.4,98.4,-8.0
MA,afrinic,32,15.1,2506,43.5,168,3.2,11.9,21.6,21.9,3.6,11.5,21.1,22.4,3.3,11.8,17.8,25.7,10.6,4.5,77.0,-33.5
MC,ripencc,4,56.2,48,91.3,23,54.0,2.2,90.9,0.4,53.2,3.0,89.5,1.8,45.5,10.7,88.2,3.1,54.5,1.7,56.2,35.1
MD,ripencc,205,89.8,1161,98.9,268,89.6,0.2,99.0,-0.1,90.7,-0.9,97.4,1.5,89.5,0.3,94.8,4.1,91.1,-1.3,88.8,10.1
ME,ripencc,31,48.8,244,77.8,18,49.4,-0.6,85.2,-7.4,49.6,-0.8,84.0,-6.2,52.1,-3.3,75.0,2.8,56.6,-7.8,71.4,6.4
MF,arin,6,38.9,18,100.0,2,35.3,3.6,100.0,0.0,27.8,11.1,100.0,0.0,31.2,7.7,66.7,33.3,42.1,-3.2,66.7,33.3
MG,afrinic,7,41.8,431,66.7,9,42.6,-0.8,75.0,-8.3,45.3,-3.5,75.0,-8.3,52.7,-10.9,66.7,0.0,27.2,14.6,71.4,-4.7
MH,ripencc,11,94.4,54,100.0,3,94.6,-0.2,100.0,0.0,90.0,4.4,62.5,37.5,81.2,13.2,57.1,42.9,82.4,12.0,100.0,0.0
MK,ripencc,68,41.5,694,54.3,35,50.5,-9.0,56.8,-2.5,20.8,20.7,48.4,5.9,23.1,18.4,57.1,-2.8,28.4,13.1,55.6,-1.3
ML,afrinic,8,83.3,180,75.0,16,81.8,1.5,76.5,-1.5,82.5,0.8,75.0,0.0,84.7,-1.4,66.7,8.3,25.3,58.0,30.8,44.2
MM,apnic,171,92.9,945,90.6,469,93.0,-0.1,95.9,-5.3,91.4,1.5,96.3,-5.7,90.0,2.9,98.9,-8.3,86.0,6.9,86.7,3.9
MN,apnic,75,97.6,534,100.0,102,97.7,-0.1,100.0,0.0,96.9,0.7,100.0,0.0,96.6,1.0,100.0,0.0,97.4,0.2,100.0,0.0
MO,apnic,15,94.7,226,65.2,112,85.7,9.0,75.3,-10.1,91.4,3.3,76.3,-11.1,67.8,26.9,95.8,-30.6,67.7,27.0,96.4,-31.2
MP,apnic,2,94.4,54,15.0,20,94.8,-0.4,19.0,-4.0,100.0,-5.6,19.0,-4.0,98.3,-3.9,22.7,-7.7,95.2,-0.8,5.6,9.4
MQ,ripencc,8,92.2,116,100.0,10,92.4,-0.2,100.0,0.0,91.0,1.2,100.0,0.0,90.8,1.4,100.0,0.0,90.2,2.0,100.0,0.0
MR,afrinic,7,7.9,127,16.7,18,9.2,-1.3,20.0,-3.3,8.1,-0.2,16.7,0.0,7.0,0.9,6.2,10.5,4.8,3.1,40.0,-23.3
MS,arin,1,25.0,4,66.7,3,25.0,0.0,75.0,-8.3,25.0,0.0,75.0,-8.3,0.0,25.0,66.7,0.0,7.1,17.9,50.0,16.7
MT,ripencc,56,53.7,637,44.8,58,51.5,2.2,46.6,-1.8,25.6,28.1,40.4,4.4,27.4,26.3,47.2,-2.4,17.5,36.2,38.2,6.6
MU,afrinic,40,80.3,689,2.6,852,81.5,-1.2,3.0,-0.4,82.1,-1.8,1.8,0.8,81.0,-0.7,1.5,1.1,80.8,-0.5,40.6,-38.0
MV,apnic,19,98.8,253,97.4,38,98.8,0.0,97.6,-0.2,98.9,-0.1,97.7,-0.3,98.9,-0.1,98.0,-0.6,98.2,0.6,100.0,-2.6
MW,afrinic,30,78.0,437,81.8,33,77.8,0.2,79.3,2.5,76.5,1.5,80.8,1.0,74.8,3.2,77.4,4.4,75.6,2.4,55.9,25.9
MX,lacnic,654,76.2,28865,63.4,10513,44.3,31.9,60.2,3.2,42.0,34.2,57.2,6.2,41.0,35.2,59.1,4.3,35.6,40.6,73.7,-10.3
MY,apnic,406,87.8,3969,53.7,934,82.4,5.4,45.6,8.1,81.6,6.2,45.0,8.7,85.2,2.6,43.8,9.9,84.1,3.7,40.5,13.2
MZ,afrinic,31,16.0,918,47.8,23,15.1,0.9,37.0,10.8,15.6,0.4,34.6,13.2,14.3,1.7,50.0,-2.2,22.2,-6.2,81.2,-33.4
NA,afrinic,20,85.8,352,80.0,10,86.4,-0.6,88.9,-8.9,86.8,-1.0,87.5,-7.5,59.7,26.1,81.0,-1.0,63.6,22.2,78.3,1.7
NC,apnic,19,100.0,62,95.7,23,98.5,1.5,95.8,-0.1,98.4,1.6,100.0,-4.3,100.0,0.0,95.5,0.2,96.6,3.4,95.0,0.7
NE,afrinic,7,18.3,131,100.0,9,16.8,1.5,100.0,0.0,20.2,-1.9,100.0,0.0,13.6,4.7,83.3,16.7,17.4,0.9,83.3,16.7
NF,apnic,2,0.0,2,100.0,1,0.0,0.0,100.0,0.0,0.0,0.0,100.0,0.0,0.0,0.0,100.0,0.0,50.0,-50.0,100.0,0.0
NG,afrinic,266,58.9,3839,41.6,262,43.1,15.8,39.8,1.8,44.5,14.4,49.5,-7.9,48.9,10.0,52.5,-10.9,46.1,12.8,51.2,-9.6
NI,lacnic,30,77.0,496,98.7,77,78.2,-1.2,98.7,0.0,78.6,-1.6,82.6,16.1,73.5,3.5,98.7,0.0,68.4,8.6,98.7,0.0
NL,ripencc,1623,81.1,15927,80.0,5398,78.4,2.7,79.1,0.9,76.3,4.8,74.4,5.6,75.0,6.1,74.3,5.7,72.2,8.9,72.1,7.9
NO,ripencc,402,72.3,2019,77.6,557,71.0,1.3,75.9,1.7,68.2,4.1,76.1,1.5,66.3,6.0,76.3,1.3,60.1,12.2,69.3,8.3
NP,apnic,210,98.2,1224,92.3,416,97.6,0.6,93.4,-1.1,97.6,0.6,95.9,-3.6,94.9,3.3,95.7,-3.4,95.8,2.4,97.4,-5.1
NR,apnic,5,92.3,13,100.0,4,93.3,-1.0,100.0,0.0,92.9,-0.6,100.0,0.0,92.3,0.0,100.0,0.0,92.9,-0.6,100.0,0.0
NU,apnic,1,100.0,2,100.0,2,100.0,0.0,100.0,0.0,100.0,0.0,100.0,0.0,100.0,0.0,100.0,0.0,100.0,0.0,100.0,0.0
NZ,apnic,703,61.8,3467,73.1,696,59.6,2.2,69.8,3.3,58.9,2.9,69.8,3.3,58.1,3.7,69.9,3.2,55.0,6.8,68.3,4.8
OM,ripencc,26,97.7,1480,50.7,491,96.8,0.9,51.1,-0.4,96.7,1.0,51.5,-0.8,79.5,18.2,52.0,-1.3,86.2,11.5,60.3,-9.6
PA,lacnic,126,92.9,2401,91.5,201,93.0,-0.1,91.3,0.2,92.5,0.4,92.1,-0.6,93.1,-0.2,88.5,3.0,93.4,-0.5,85.6,5.9
PE,lacnic,225,35.6,13193,45.5,1949,38.3,-2.7,45.0,0.5,37.7,-2.1,44.3,1.2,38.5,-2.9,42.0,3.5,52.0,-16.4,44.7,0.8
PF,apnic,6,17.3,266,50.0,12,15.8,1.5,45.5,4.5,15.4,1.9,36.4,13.6,15.9,1.4,46.2,3.8,16.1,1.2,30.0,20.0
PG,apnic,39,62.1,219,100.0,11,62.6,-0.5,100.0,0.0,62.0,0.1,100.0,0.0,61.4,0.7,100.0,0.0,52.4,9.7,100.0,0.0
PH,apnic,671,91.2,6636,73.3,1321,90.5,0.7,75.4,-2.1,89.7,1.5,63.4,9.9,89.6,1.6,64.2,9.1,87.1,4.1,67.1,6.2
PK,apnic,473,92.9,7080,91.1,2008,91.8,1.1,89.2,1.9,92.2,0.7,96.9,-5.8,15.4,77.5,85.6,5.5,14.5,78.4,97.7,-6.6
PL,ripencc,2468,70.4,9737,82.2,1239,68.8,1.6,77.1,5.1,67.7,2.7,70.6,11.6,65.6,4.8,69.8,12.4,56.6,13.8,56.2,26.0
PM,arin,1,100.0,22,100.0,2,95.8,4.2,100.0,0.0,100.0,0.0,100.0,0.0,100.0,0.0,100.0,0.0,95.8,4.2,100.0,0.0
PR,arin,123,32.3,1815,29.2,212,25.5,6.8,46.7,-17.5,23.2,9.1,44.8,-15.6,21.1,11.2,41.6,-12.4,19.7,12.6,53.1,-23.9
PS,ripencc,69,91.5,1289,86.4,22,91.9,-0.4,87.0,-0.6,91.8,-0.3,95.2,-8.8,84.4,7.1,94.4,-8.0,78.6,12.9,78.3,8.1
PT,ripencc,167,85.2,1158,93.9,214,85.0,0.2,93.5,0.4,84.2,1.0,92.2,1.7,81.6,3.6,92.7,1.2,77.5,7.7,87.0,6.9
PW,apnic,4,64.7,17,100.0,3,80.0,-15.3,100.0,0.0,83.3,-18.6,100.0,0.0,66.7,-2.0,100.0,0.0,82.6,-17.9,100.0,0.0
PY,lacnic,115,75.6,1568,57.0,430,75.9,-0.3,58.6,-1.6,76.6,-1.0,57.7,-0.7,82.6,-7.0,55.5,1.5,82.8,-7.2,47.6,9.4
QA,ripencc,32,86.1,423,98.9,889,84.8,1.3,98.4,0.5,85.1,1.0,98.5,0.4,85.7,0.4,98.4,0.5,87.9,-1.8,91.4,7.5
RE,afrinic,4,90.2,153,81.5,27,90.3,-0.1,79.3,2.2,87.7,2.5,77.8,3.7,81.7,8.5,73.9,7.6,87.1,3.1,80.0,1.5
RO,ripencc,1084,78.4,5305,64.3,784,65.9,12.5,25.7,38.6,64.6,13.8,24.7,39.6,53.0,25.4,94.4,-30.1,60.7,17.7,80.6,-16.3
RS,ripencc,199,79.6,1537,73.8,103,80.2,-0.6,74.5,-0.7,80.0,-0.4,73.3,0.5,74.3,5.3,79.0,-5.2,75.7,3.9,81.2,-7.4
RU,ripencc,5788,49.4,48597,64.3,3983,49.3,0.1,63.1,1.2,48.4,1.0,58.6,5.7,47.4,2.0,51.6,12.7,43.9,5.5,52.9,11.4
RW,afrinic,28,55.0,404,15.3,59,54.0,1.0,18.0,-2.7,54.3,0.7,14.8,0.5,56.1,-1.1,16.2,-0.9,37.4,17.6,21.9,-6.6
SA,ripencc,200,97.0,10744,86.0,6229,95.7,1.3,82.7,3.3,95.8,1.2,92.4,-6.4,95.7,1.3,98.5,-12.5,95.2,1.8,91.4,-5.4
SB,apnic,11,83.7,49,80.0,5,85.4,-1.7,83.3,-3.3,85.4,-1.7,83.3,-3.3,85.1,-1.4,80.0,0.0,85.1,-1.4,80.0,0.0
SC,ripencc,87,85.0,6385,81.5,523,88.9,-3.9,81.0,0.5,86.4,-1.4,73.9,7.6,77.7,7.3,61.8,19.7,68.8,16.2,40.6,40.9
SD,afrinic,11,40.7,604,70.0,20,41.7,-1.0,63.6,6.4,45.3,-4.6,53.3,16.7,45.2,-4.5,33.3,36.7,62.3,-21.6,40.0,30.0
SE,ripencc,868,60.7,6123,65.6,1350,59.9,0.8,64.6,1.0,57.8,2.9,63.2,2.4,57.8,2.9,59.4,6.2,43.6,17.1,53.0,12.6
SG,apnic,728,82.1,11734,73.1,3533,79.7,2.4,71.6,1.5,78.6,3.5,71.5,1.6,73.5,8.6,67.9,5.2,68.7,13.4,65.6,7.5
SH,ripencc,1,100.0,2,100.0,2,100.0,0.0,100.0,0.0,100.0,0.0,100.0,0.0,100.0,0.0,100.0,0.0,100.0,0.0,100.0,0.0
SI,ripencc,305,83.0,808,75.9,170,83.1,-0.1,75.9,0.0,82.7,0.3,74.4,1.5,80.9,2.1,48.9,27.0,80.5,2.5,45.3,30.6
SK,ripencc,229,46.0,1431,70.6,197,42.7,3.3,69.9,0.7,47.0,-1.0,72.3,-1.7,45.4,0.6,70.5,0.1,52.6,-6.6,64.5,6.1
SL,afrinic,22,58.2,98,66.7,9,59.2,-1.0,66.7,0.0,53.8,4.4,75.0,-8.3,53.2,5.0,66.7,0.0,5.1,53.1,50.0,16.7
SM,ripencc,13,95.8,119,100.0,6,95.8,0.0,100.0,0.0,96.6,-0.8,100.0,0.0,83.2,12.6,100.0,0.0,87.5,8.3,100.0,0.0
SN,afrinic,18,79.0,372,94.7,19,79.4,-0.4,88.9,5.8,78.9,0.1,100.0,-5.3,77.1,1.9,92.3,2.4,1.4,77.6,87.9,6.8
SO,afrinic,22,78.5,181,85.2,27,65.5,13.0,79.3,5.9,52.9,25.6,82.8,2.4,20.1,58.4,21.4,63.8,13.1,65.4,60.0,25.2
SR,lacnic,6,99.1,423,94.6,74,99.1,0.0,94.7,-0.1,99.1,0.0,93.4,1.2,99.1,0.0,95.9,-1.3,99.7,-0.6,94.5,0.1
SS,afrinic,20,57.7,104,88.9,9,52.0,5.7,90.9,-2.0,51.0,6.7,88.9,0.0,43.4,14.3,66.7,22.2,38.8,18.9,71.4,17.5
ST,afrinic,2,83.3,36,66.7,3,83.8,-0.5,75.0,-8.3,5.9,77.4,75.0,-8.3,0.0,83.3,66.7,0.0,0.0,83.3,50.0,16.7
SV,lacnic,49,93.4,1238,91.3,104,92.7,0.7,91.4,-0.1,94.9,-1.5,87.8,3.5,92.4,1.0,88.7,2.6,92.6,0.8,91.7,-0.4
SX,lacnic,3,77.4,62,100.0,7,77.4,0.0,100.0,0.0,81.2,-3.8,77.8,22.2,78.1,-0.7,77.8,22.2,75.0,2.4,71.4,28.6
SY,ripencc,15,72.6,587,100.0,7,68.5,4.1,100.0,0.0,66.7,5.9,100.0,0.0,66.1,6.5,100.0,0.0,50.6,22.0,83.3,16.7
SZ,afrinic,11,63.0,119,100.0,5,61.9,1.1,100.0,0.0,63.9,-0.9,100.0,0.0,61.8,1.2,100.0,0.0,53.5,9.5,100.0,0.0
TC,arin,2,33.3,48,13.3,15,33.3,0.0,18.8,-5.5,33.3,0.0,12.5,0.8,31.9,1.4,8.7,4.6,31.2,2.1,5.0,8.3
TD,afrinic,16,55.1,78,100.0,6,50.0,5.1,100.0,0.0,50.0,5.1,100.0,0.0,44.4,10.7,100.0,0.0,23.5,31.6,100.0,0.0
TG,afrinic,11,62.3,146,66.7,12,10.2,52.1,46.2,20.5,62.1,0.2,53.8,12.9,57.9,4.4,87.5,-20.8,58.6,3.7,87.5,-20.8
TH,apnic,621,87.0,16759,88.3,1922,87.5,-0.5,58.7,29.6,81.9,5.1,57.0,31.3,65.1,21.9,88.7,-0.4,61.9,25.1,85.4,2.9
TJ,ripencc,42,40.3,315,73.9,23,36.4,3.9,47.8,26.1,37.1,3.2,50.0,23.9,25.9,14.4,53.3,20.6,24.0,16.3,72.7,1.2
TK,ripencc,3,69.2,13,33.3,6,69.2,0.0,33.3,0.0,69.2,0.0,33.3,0.0,55.6,13.6,42.9,-9.6,55.6,13.6,100.0,-66.7
TL,apnic,21,70.0,110,86.4,22,70.1,-0.1,87.0,-0.6,70.3,-0.3,87.0,-0.6,69.0,1.0,91.7,-5.3,67.1,2.9,91.3,-4.9
TM,ripencc,9,91.7,36,66.7,3,91.4,0.3,75.0,-8.3,90.9,0.8,80.0,-13.3,90.6,1.1,66.7,0.0,85.7,6.0,100.0,-33.3
TN,afrinic,27,0.8,1752,0.2,1623,0.8,0.0,0.2,0.0,0.7,0.1,0.2,0.0,0.7,0.1,0.2,0.0,0.4,0.4,2.7,-2.5
TO,apnic,5,100.0,36,100.0,6,96.3,3.7,100.0,0.0,96.4,3.6,100.0,0.0,96.0,4.0,100.0,0.0,95.8,4.2,100.0,0.0
TR,ripencc,1103,98.1,22962,96.5,4039,98.5,-0.4,97.4,-0.9,98.4,-0.3,97.7,-1.2,97.7,0.4,96.7,-0.2,97.2,0.9,97.2,-0.7
TT,lacnic,16,91.8,415,63.6,110,54.0,37.8,63.1,0.5,54.2,37.6,62.4,1.2,58.4,33.4,60.7,2.9,51.5,40.3,34.8,28.8
TV,apnic,3,50.0,8,100.0,3,50.0,0.0,100.0,0.0,50.0,0.0,100.0,0.0,55.6,-5.6,100.0,0.0,11.1,38.9,100.0,0.0
TW,apnic,477,95.9,11777,94.0,1689,95.2,0.7,93.2,0.8,93.5,2.4,93.1,0.9,86.4,9.5,82.1,11.9,91.8,4.1,92.7,1.3
TZ,afrinic,116,35.3,1268,32.4,108,33.1,2.2,31.8,0.6,33.5,1.8,29.2,3.2,36.1,-0.8,28.0,4.4,39.9,-4.6,50.0,-17.6
UA,ripencc,2012,68.2,11793,76.1,1035,68.4,-0.2,77.3,-1.2,68.3,-0.1,74.6,1.5,67.7,0.5,63.2,12.9,60.4,7.8,54.8,21.3
UG,afrinic,59,49.4,755,89.5,86,44.4,5.0,85.2,4.3,41.9,7.5,74.7,14.8,40.5,8.9,79.0,10.5,27.6,21.8,66.0,23.5
US,arin,32603,51.6,305428,78.6,51096,48.5,3.1,77.3,1.3,46.0,5.6,76.1,2.5,40.0,11.6,68.8,9.8,32.8,18.8,61.4,17.2
UY,lacnic,45,87.1,1135,44.8,154,86.9,0.2,49.3,-4.5,85.9,1.2,31.7,13.1,86.7,0.4,52.9,-8.1,88.3,-1.2,57.4,-12.6
UZ,ripencc,129,72.3,701,86.2,58,71.2,1.1,89.1,-2.9,76.4,-4.1,89.1,-2.9,75.7,-3.4,88.2,-2.0,51.8,20.5,45.5,40.7
VA,ripencc,4,100.0,6,100.0,5,100.0,0.0,100.0,0.0,100.0,0.0,100.0,0.0,100.0,0.0,100.0,0.0,100.0,0.0,71.4,28.6
VC,arin,6,42.0,50,50.0,4,38.2,3.8,60.0,-10.0,38.5,3.5,75.0,-25.0,34.5,7.5,100.0,-50.0,32.7,9.3,33.3,16.7
VE,lacnic,259,95.3,4313,86.1,800,94.4,0.9,95.3,-9.2,86.2,9.1,93.8,-7.7,76.7,18.6,95.7,-9.6,83.3,12.0,94.2,-8.1
VG,ripencc,49,57.3,344,75.6,135,43.8,13.5,75.0,0.6,46.0,11.3,74.8,0.8,49.8,7.5,65.3,10.3,27.5,29.8,51.1,24.5
VI,arin,12,46.7,135,67.9,28,43.6,3.1,69.2,-1.3,41.3,5.4,61.9,6.0,46.7,0.0,72.0,-4.1,3.4,43.3,90.5,-22.6
VN,apnic,1038,88.2,20385,97.8,9941,86.5,1.7,98.4,-0.6,87.8,0.4,97.8,0.0,91.0,-2.8,98.4,-0.6,90.2,-2.0,98.2,-0.4
VU,apnic,13,91.5,59,92.3,13,91.7,-0.2,94.1,-1.8,91.7,-0.2,93.8,-1.5,94.9,-3.4,93.3,-1.0,94.9,-3.4,83.3,9.0
WF,apnic,1,12.5,16,100.0,3,12.5,0.0,100.0,0.0,6.7,5.8,100.0,0.0,6.7,5.8,100.0,0.0,6.7,5.8,100.0,0.0
WS,apnic,10,88.5,61,100.0,4,88.1,0.4,100.0,0.0,88.1,0.4,100.0,0.0,88.1,0.4,100.0,0.0,86.4,2.1,100.0,0.0
YE,ripencc,6,75.3,182,93.3,15,73.4,1.9,93.8,-0.5,77.7,-2.4,92.9,0.4,74.5,0.8,90.9,2.4,75.9,-0.6,100.0,-6.7
YT,afrinic,1,75.0,28,100.0,12,77.4,-2.4,100.0,0.0,77.4,-2.4,100.0,0.0,61.1,13.9,100.0,0.0,46.2,28.8,100.0,0.0
ZA,afrinic,751,67.0,13872,35.2,3334,64.8,2.2,30.4,4.8,57.8,9.2,35.7,-0.5,54.2,12.8,51.9,-16.7,45.0,22.0,60.2,-25.0
ZM,afrinic,22,49.1,330,100.0,26,48.9,0.2,90.9,9.1,47.2,1.9,80.0,20.0,37.3,11.8,84.6,15.4,52.9,-3.8,92.9,7.1
ZW,afrinic,28,50.2,482,14.9,141,47.2,3.0,9.2,5.7,40.2,10.0,9.1,5.8,40.8,9.4,36.8,-21.9,31.9,18.3,63.2,-48.3
